OTU ID,Fasta,o97,s97,BK17 AE,BK9 AQ,BK27 AT,B14 B14A,B14 B14B,B14 B14C,B17 B17A,B17 B17B,B17 B17C,B8 B8A,B8 B8B,B8 B8C,B9 B9A,B9 B9B,B9 B9C,BK9 BC,BK17 BE,BK27 BI,BK9 BM,BK18 BS,BK18 BU,BK18 BX,BK27 CB,BK17 CJ,Mock_S1 Mock_S1,Mock_S2 Mock_S2
0c1f24d7058b7ae424cf39659a599332,CACCGCGGTTAGACGAGAGGCCCTAGTTGATATTATAGCGGCGTAAAGGGTGGTTAGGGGCAAAAAAGAATAAAGCCGAATGGCCCCTTGGCCGTCATACGCTTCTAGGCGTCCGAAGCCCTACATACGAAAGTAGCTTTAATTAAATCAGCCCGACTCCACGAAAGCTAAGAAA,unassigned,Pseudobarbus afer,124,1358,8386,0,0,0,0,0,0,0,0,0,0,0,0,3658,1841,1574,3283,1593,663,2345,5358,671,0,0
133a7483954e829cb4de2fbac0806b79,CACCGCGGTTATACGAGGGGCCCAAGTTGATAAACATCGGCGTAAAGAGTGGTTAATTTGAATATAAACTAAAGCTAAACATCTTCAAGGCTGTTATACGCACCCGAAGAAAGGAAACCCATTTACGAAAGTAGCTTTATACAGTATTGACGCCACGAAAGCTAGGACA,unassigned,Glossogobius callidus,1512,0,1207,0,0,0,0,0,0,0,0,0,0,0,0,0,4346,663,0,2228,670,2495,2085,610,456,0
3ae90cd2a9237156387a5f0fbfe93757,CACCGCGGTTATACGAGAGGCCCAAGTTGATAGACAGCGGCGTAAAGAGTGGTTAGGGGCCCCATACACTAAAGCCGAACGCTTTCAAAGCTGTTATACGCATACGAAAGTAAGAAGCCCAACTACGAAAGTGGCTTTATACAACCCGAACCCACGAAAGCTGGGACA,unassigned,Sandelia capensis,2469,334,4643,0,0,0,0,0,0,17360,9614,1520,8676,2070,1875,514,7496,639,314,2523,3152,9484,2803,2053,781,1000
805f64fa5a39321fedc9532cd8db33ef,CACCGCGGTTATACGGGGGGCTCAAATTGATATTACACGGCGTAAAGCGTGATTAAAAAATAAACAAACTAAAGCCAAACACCTCTCAAGATGTCATACTCTACCTGATAAAACGAAGCCCAACAACGAAAGTAGCTTTAACACTTTTGAATTCACGACAGTTAAGAAA,Anguilla mossambica,Anguilla mossambica,131,0,0,0,0,0,0,0,0,0,0,0,0,0,0,0,0,0,0,0,0,0,0,0,0,0
c847d87f8721554397125c555312a5b8,CACCGCGGTTAGACGAGAGGCCCTAGTTGATATTATAGCGGCGTAAAGGGTGGTTAGGGGCAAAAAAGAATAAAGCCGAATGGCCCCTTGGCCGTCATACGCTTATAGGCGTCCGAAGCCCTACATACGAAAGTAGCTTTAATAAAATCAGCCCGACTCCACGAAAGCTAAGAAA,unassigned,Pseudobarbus afer,62,136,688,0,0,0,0,0,0,0,0,0,0,0,0,739,0,109,241,218,0,301,416,321,0,0
0efeb23b3c04210b4e3af9693be6ceb0,CACCGCGGTTATACGGGGGGCTCAAATTGATATTACACGGCGTAAAGCGTGATTAAAAAATAAACAAACTAAAGCCAAACACCTCTCAAGATGTCATACTCTACCTGATAAAACGAAGCCCAACAACGAAAGTAGCTTTAACACTTTTGAATTCACGACAGTTGAGAAA,Anguilla mossambica,Anguilla mossambica,0,70,0,0,0,0,0,0,0,0,0,0,0,0,0,117,303,0,75,0,0,0,0,0,648,0
76d390623ae0e48afeae47bd9f694070,CACCGCGGTTAGACGAGAGGCCCTAGTTGATATTATAGCGGCGTAAAGGGTGGTTAGGGGCAAAAAAGAATAGAGCCGAATGGCCCCTTGGCCGTCATACGCTTCTAGGCGTCCGAAGCCCTACATACGAAAGTAGCTTTAATTAAATCAGCCCGACTCCACGAAAGCTAAGAAA,unassigned,Pseudobarbus afer,0,85,0,0,0,0,0,0,0,0,0,0,0,0,0,225,0,0,0,0,0,0,0,0,0,0
162b59c7dd7b069bd4c90a329688da33,CACCGCGGTTAGACGAGGGACCCTAGTTGATAATATAACGGCGTAAAGGGTGGTTAGGGATAAAACAAAATAAAGCCAAATGGCCCCTCGGCCGTCATACGCTTCTAGATGTCTGAAGCCCCTCCACGAAAGTAACTTTAATTTAACTTACCCGACTCCACGAAAGCTAAGAAA,unassigned,Enteromius pallidus,0,0,443,0,0,0,0,0,0,0,0,0,0,0,0,0,0,106,0,125,0,396,343,0,1093,0
8b2c7b9942884438f852dd833861fe06,CACCGCGGTTATACGAGAGGCCCAAGTTGACAGACCCCGGCGTAAAGAGTGGTTAAGAAGTTTCCAAAACTAAAGCCGAACGCCCCCAGAACTGTTATACGTATCCGAGGGTAAGAAGTCCCACTACGAAAGTGGCTTTATGCCTCTGACCCCACGAAAGCTGTGAAA,unassigned,Tilapia sparrmanii,0,0,479,0,0,0,0,0,0,0,0,0,0,0,0,0,0,81,0,195,0,284,546,0,625,0
ac711483fa8e77d1f1cbae0ef900c46e,CACCGCGGTTAGACGAGAGGCCCTAGTTGATATTATAGCGGCGTAAAGGGTGGTTAGGGGCAAAAAAGAATAAAGCCAAATGGCCCCTTGGCCGTCATACGCTTCTAGGCGTCCGAAGCCCTACACACGAAAGTAGCTTTAATTAAATCAGCCCGACTCCACGAAAGCTAAGGAA,unassigned,Pseudobarbus swartzi,0,0,0,5564,6054,1046,59987,1433,28519,18903,9031,2991,21513,8916,9075,0,0,0,0,0,0,0,0,0,448,789
f6db98ce9e2483f5dc584908497fb36a,CACCGCGGTTAGACGAGAGGCCCTAGTTGATATTATAGCGGCGTAAAGGGTGGTTAGGGGCAAAAAAGAATAAAGCCAAATGGCCCCTTGGCCGTCATACGCTTCTAGGCATCCGAAGCCCTACACACGAAAGTAGCTTTAATTAAATCAGCCCGACTCCACGAAAGCTAAGGAA,unassigned,Pseudobarbus swartzi,0,0,0,0,0,0,0,0,0,694,0,0,0,0,0,0,0,0,0,0,0,0,0,0,0,0
b420cc4cbba68eb58ab7be309d204606,CACCGCGGTTATACGAGAGGCCCAAGTTGACAAACCCCGGCGTAAAGAGTGGTTAAGGAAAATTTAAAACTAAAGCCGAATGCCCCCAAAGCTGTTATACGCACCCGAGGGTAAGAAGCCCAATCACGAAAGTGGCTTTACACTACCTGAACCCACGAAAGCTATGAAA,Micropterus dolomieu,Micropterus dolomieu,0,0,0,0,0,0,0,0,0,0,431,0,0,0,0,0,0,0,0,0,0,0,0,0,0,0
6a9ad48a1a5a9d23dd01ff8468ad0966,CGCCGCGGTTATACGAGAAACTCAAGTTGATCATTTTCGGCGTAAAGCGTGATTAAAGGTTTCCATAACTAGAGTCAAACTCCAACCAAGCTGTCGCACGCTTTCGTTGGCTTGAAGAACATTCACGAAAGTAACTCTACCCAAATAACACTTGAACTCACGACCGCTAGGAAA,unassigned,unassigned,0,0,0,0,0,0,0,0,0,0,0,0,0,165,0,0,0,0,57,0,0,0,0,0,0,0
63fa86939501798beeaa250fd38968ab,CACCGCGGTTAGACGAGAGGCCCTAGTTGATATTATAGCGGCGTAAAGGGTGGTTAGGGGCAAAAAAGAATAAAGCCGAATGGCCCCTTGGCCGTCATACGCTTCTAGGCGTCCGAAGCCCTACATACGAAAGTAGCTTTAATTAAATTAGCCCGACTCCACGAAAGCTAAGAAA,unassigned,Pseudobarbus afer,0,0,0,0,0,0,0,0,0,0,0,0,0,0,0,0,0,81,0,0,0,0,380,0,0,0
7d3efdc5df33f575207830b87d88d975,CACCGCGGTTATACGAAAGACCCCAGTTGATAAACACGGCGTAAAGGGTGGTTAAGGGAAACAACTAATAAAGCTAAAGACCCTCTAAGCCGTCATACGCACTCCGAGGCCACGAAACCCAAATACGAAAGTAGCTTTAAACCTATAACACCTGACCCCACGAAAGCTAAGAAA,Clarias gariepinus,Clarias gariepinus,0,0,0,0,0,0,0,0,0,0,0,0,0,0,0,0,0,0,0,0,566,0,0,0,0,0
0189cfd8814ff677effe6b235edeb7d1,CACCGCGGTTAGACGAGAGGCCCTAGTTGATATTATAGCGGCGTAAAGGGTGGTTAGGGGCAAAAAAGAATAAAGCCAAATGGCCCCTTGGCCGTCATACGCTTCTAGGCGTCCGAAGCCCGACACACGAAAGGAGCTTTAATTAAATCAGCCAGACTCCACGAAAGCTAAGGAA,unassigned,Pseudobarbus swartzi,0,0,0,0,0,0,0,0,0,0,0,0,0,0,0,0,0,0,0,0,0,0,0,0,275,0
68db4ec22eaacba33ad7e27e7288bd2b,CACCGCGGTTAGACGAGGGACCCTAGTTGATAATATAACGGCGTAAAGGGTGGTTAGGGATAAAACAAAATAAAGCCAAATGGCCCCTCGGCCGTCATACGCTTCTAGATGTCTGAAGCCCCTCCACGAAAGGAACTTTAATTTAAATTACCCGAATCCACGAAAGCTAAGAAA,unassigned,Enteromius pallidus,0,0,0,0,0,0,0,0,0,0,0,0,0,0,0,0,0,0,0,0,0,0,0,0,212,0
a03381744931ffe2d7a7cea13ff7a77d,CACCGCGGTTAGACGAGAGGCCCTAGTTGATATTATAGCGGCGTAAAGGGTGGTTAGGGGCAAAAAAGAATAAAGCCAAATGGCCCCTTGGCCGTCATACGCTTCTAGGCGTCCGAAGCCCGACACACGAAAGTAGCTTTAATTAAATCAGCCAGACTCCACGAAAGCTAAGGAA,unassigned,Pseudobarbus swartzi,0,0,0,0,0,0,0,0,0,0,0,0,0,0,0,0,0,0,0,0,0,0,0,0,75,0
b9af60899706533a5aef978d53623558,CACCGCGGTTATACGAGGGGCCCAAGTTGATAAACATCGGCGTAAAGAGTGGTTAATTTGAATATAAACTAAAGCTAAACATCTTCAAGGCTGTTATACGCACCCGAAGAAAGGAAACCCAGTTACGAAAGTAGCTTTATAAAGTATTGACGCCACGAAAGCTAGGACA,unassigned,Glossogobius callidus,0,0,0,0,0,0,0,0,0,0,0,0,0,0,0,0,0,0,0,0,0,0,0,0,212,0
80a9400ef282428704699619f8e12f74,CACCGCGGTTATACGATAGGCCCAAGTTGATAGCCAGCGGCGTAACGCGTGGTTAGGGGCCCCATACACTAAAGCCGAACGCTTTCAAAGCTGTTATACGCATACGAAAGTAAGAAGCCCAACTACGAAAGTGGCTTTATACAACCCGAACCCACGAAAGCTGGGACA,unassigned,Sandelia capensis,0,0,0,0,0,0,0,0,0,0,0,0,0,0,0,0,0,0,0,0,0,0,0,0,0,64
9b01092886c299a2a2f91419c806bef5,CACCGCGGTTAGACGAGAGGCCCTAGTTGATATTCTAGCGGCTTAACGGGTGGTTAGGGGCAAAAAAGAATAAAGCCAAATGGCCCCTTGGCCGTCATACGCTTCTAGGCGTCCGAAGCCCTACACACGAAAGTAGCTTTAATTAAATCAGCCCGACTCCACGAAAGCTAAGGAA,unassigned,Pseudobarbus swartzi,0,0,0,0,0,0,0,0,0,0,0,0,0,0,0,0,0,0,0,0,0,0,0,0,0,331